Name,Latitude,Longitude,Blood Type,Availability (Units),Emergency Level,Demand,Contact
CMC Vellore,12.9214,79.135,A+,22,2,38,9876525795
CMC Vellore,12.9214,79.135,A-,13,1,96,9876510860
CMC Vellore,12.9214,79.135,B+,39,1,85,9876586820
CMC Vellore,12.9214,79.135,B-,32,1,13,9876564886
CMC Vellore,12.9214,79.135,O+,10,2,39,9876516265
CMC Vellore,12.9214,79.135,O-,37,5,13,9876592386
CMC Vellore,12.9214,79.135,AB+,40,2,93,9876547194
CMC Vellore,12.9214,79.135,AB-,49,5,63,9876597498
Vellore Government Medical College,12.9366,79.1422,A+,5,2,99,9876554131
Vellore Government Medical College,12.9366,79.1422,A-,32,3,45,9876570263
Vellore Government Medical College,12.9366,79.1422,B+,14,2,53,9876526023
Vellore Government Medical College,12.9366,79.1422,B-,11,1,58,9876551090
Vellore Government Medical College,12.9366,79.1422,O+,11,3,54,9876577221
Vellore Government Medical College,12.9366,79.1422,O-,43,3,15,9876574820
Vellore Government Medical College,12.9366,79.1422,AB+,34,5,25,9876510769
Vellore Government Medical College,12.9366,79.1422,AB-,29,1,80,9876569735
Apollo KH Hospital,12.9686,79.2856,A+,28,5,34,9876572955
Apollo KH Hospital,12.9686,79.2856,A-,50,1,15,9876574925
Apollo KH Hospital,12.9686,79.2856,B+,47,2,47,9876577969
Apollo KH Hospital,12.9686,79.2856,B-,10,2,22,9876515311
Apollo KH Hospital,12.9686,79.2856,O+,29,3,68,9876593104
Apollo KH Hospital,12.9686,79.2856,O-,45,3,30,9876563707
Apollo KH Hospital,12.9686,79.2856,AB+,28,3,36,9876595305
Apollo KH Hospital,12.9686,79.2856,AB-,47,3,99,9876538693
Sri Narayani Hospital,12.8975,79.1271,A+,43,2,78,9876581932
Sri Narayani Hospital,12.8975,79.1271,A-,20,2,69,9876535658
Sri Narayani Hospital,12.8975,79.1271,B+,29,3,91,9876594478
Sri Narayani Hospital,12.8975,79.1271,B-,49,5,38,9876528431
Sri Narayani Hospital,12.8975,79.1271,O+,48,3,17,9876512747
Sri Narayani Hospital,12.8975,79.1271,O-,19,1,50,9876569150
Sri Narayani Hospital,12.8975,79.1271,AB+,30,3,18,9876575725
Sri Narayani Hospital,12.8975,79.1271,AB-,18,5,50,9876594654
Scudder Memorial Hospital,12.9251,79.1392,A+,46,4,28,9876545773
Scudder Memorial Hospital,12.9251,79.1392,A-,21,2,41,9876577435
Scudder Memorial Hospital,12.9251,79.1392,B+,40,5,43,9876566886
Scudder Memorial Hospital,12.9251,79.1392,B-,42,4,84,9876576803
Scudder Memorial Hospital,12.9251,79.1392,O+,30,3,38,9876541551
Scudder Memorial Hospital,12.9251,79.1392,O-,13,5,73,9876521394
Scudder Memorial Hospital,12.9251,79.1392,AB+,10,1,24,9876579092
Scudder Memorial Hospital,12.9251,79.1392,AB-,14,2,97,9876513890
Shanmuga Hospital,12.9307,79.1379,A+,29,5,69,9876551606
Shanmuga Hospital,12.9307,79.1379,A-,38,3,80,9876590038
Shanmuga Hospital,12.9307,79.1379,B+,5,1,97,9876597313
Shanmuga Hospital,12.9307,79.1379,B-,39,3,92,9876520627
Shanmuga Hospital,12.9307,79.1379,O+,26,1,47,9876518792
Shanmuga Hospital,12.9307,79.1379,O-,32,2,68,9876583969
Shanmuga Hospital,12.9307,79.1379,AB+,5,3,74,9876553001
Shanmuga Hospital,12.9307,79.1379,AB-,16,5,23,9876586552
Adi Hospital,12.9153,79.1305,A+,45,5,87,9876533897
Adi Hospital,12.9153,79.1305,A-,17,2,57,9876578148
Adi Hospital,12.9153,79.1305,B+,15,5,77,9876533483
Adi Hospital,12.9153,79.1305,B-,5,5,51,9876558555
Adi Hospital,12.9153,79.1305,O+,36,1,24,9876527159
Adi Hospital,12.9153,79.1305,O-,28,3,40,9876590077
Adi Hospital,12.9153,79.1305,AB+,8,2,82,9876545920
Adi Hospital,12.9153,79.1305,AB-,10,1,72,9876577121
Sri Venkateshwara Hospital,12.9298,79.1284,A+,39,2,26,9876579479
Sri Venkateshwara Hospital,12.9298,79.1284,A-,47,4,80,9876599475
Sri Venkateshwara Hospital,12.9298,79.1284,B+,15,3,77,9876529457
Sri Venkateshwara Hospital,12.9298,79.1284,B-,43,4,37,9876576557
Sri Venkateshwara Hospital,12.9298,79.1284,O+,39,2,49,9876587189
Sri Venkateshwara Hospital,12.9298,79.1284,O-,30,3,66,9876588953
Sri Venkateshwara Hospital,12.9298,79.1284,AB+,38,4,25,9876562995
Sri Venkateshwara Hospital,12.9298,79.1284,AB-,20,2,18,9876550757
Vel Hospital,12.927,79.133,A+,19,5,38,9876519692
Vel Hospital,12.927,79.133,A-,5,1,100,9876555758
Vel Hospital,12.927,79.133,B+,45,1,39,9876582409
Vel Hospital,12.927,79.133,B-,9,1,52,9876581211
Vel Hospital,12.927,79.133,O+,9,5,40,9876575697
Vel Hospital,12.927,79.133,O-,22,4,37,9876547065
Vel Hospital,12.927,79.133,AB+,39,2,83,9876542606
Vel Hospital,12.927,79.133,AB-,41,4,41,9876521534
MedFort Hospital,12.9195,79.1282,A+,17,1,22,9876550397
MedFort Hospital,12.9195,79.1282,A-,47,4,55,9876511016
MedFort Hospital,12.9195,79.1282,B+,32,4,69,9876599789
MedFort Hospital,12.9195,79.1282,B-,8,1,17,9876565591
MedFort Hospital,12.9195,79.1282,O+,30,3,23,9876599812
MedFort Hospital,12.9195,79.1282,O-,20,2,34,9876533247
MedFort Hospital,12.9195,79.1282,AB+,39,4,27,9876534300
MedFort Hospital,12.9195,79.1282,AB-,32,2,45,9876584065
New Hope Hospital,12.9208,79.1341,A+,9,4,80,9876592798
New Hope Hospital,12.9208,79.1341,A-,11,1,93,9876519268
New Hope Hospital,12.9208,79.1341,B+,39,1,21,9876596807
New Hope Hospital,12.9208,79.1341,B-,20,2,62,9876522185
New Hope Hospital,12.9208,79.1341,O+,36,4,37,9876573704
New Hope Hospital,12.9208,79.1341,O-,30,1,31,9876596779
New Hope Hospital,12.9208,79.1341,AB+,29,1,59,9876549099
New Hope Hospital,12.9208,79.1341,AB-,21,4,46,9876518571
Sundaram Medical Foundation,12.9234,79.1375,A+,40,4,29,9876548044
Sundaram Medical Foundation,12.9234,79.1375,A-,17,3,37,9876561214
Sundaram Medical Foundation,12.9234,79.1375,B+,8,5,79,9876571228
Sundaram Medical Foundation,12.9234,79.1375,B-,8,3,17,9876558984
Sundaram Medical Foundation,12.9234,79.1375,O+,8,5,71,9876550774
Sundaram Medical Foundation,12.9234,79.1375,O-,37,5,30,9876512568
Sundaram Medical Foundation,12.9234,79.1375,AB+,8,5,20,9876572592
Sundaram Medical Foundation,12.9234,79.1375,AB-,16,1,86,9876577563
Ganga Hospital,12.9267,79.1356,A+,30,1,82,9876512695
Ganga Hospital,12.9267,79.1356,A-,20,5,86,9876558190
Ganga Hospital,12.9267,79.1356,B+,7,5,20,9876515258
Ganga Hospital,12.9267,79.1356,B-,31,5,82,9876597538
Ganga Hospital,12.9267,79.1356,O+,38,3,43,9876549504
Ganga Hospital,12.9267,79.1356,O-,18,3,40,9876543159
Ganga Hospital,12.9267,79.1356,AB+,21,4,26,9876523986
Ganga Hospital,12.9267,79.1356,AB-,47,3,68,9876571858
Global Care Hospital,12.9282,79.1363,A+,9,1,68,9876522666
Global Care Hospital,12.9282,79.1363,A-,44,5,22,9876548660
Global Care Hospital,12.9282,79.1363,B+,9,5,37,9876513561
Global Care Hospital,12.9282,79.1363,B-,37,3,26,9876536854
Global Care Hospital,12.9282,79.1363,O+,27,1,41,9876574505
Global Care Hospital,12.9282,79.1363,O-,28,3,30,9876562251
Global Care Hospital,12.9282,79.1363,AB+,33,5,100,9876532662
Global Care Hospital,12.9282,79.1363,AB-,24,5,93,9876518392
Grace Hospital,12.9229,79.1345,A+,40,3,94,9876540535
Grace Hospital,12.9229,79.1345,A-,11,2,43,9876588603
Grace Hospital,12.9229,79.1345,B+,12,1,80,9876562256
Grace Hospital,12.9229,79.1345,B-,14,3,46,9876599135
Grace Hospital,12.9229,79.1345,O+,43,2,53,9876545222
Grace Hospital,12.9229,79.1345,O-,18,3,74,9876587373
Grace Hospital,12.9229,79.1345,AB+,36,3,16,9876589575
Grace Hospital,12.9229,79.1345,AB-,10,4,45,9876594651
PKR Hospital,12.919,79.1327,A+,13,3,30,9876573335
PKR Hospital,12.919,79.1327,A-,33,5,100,9876520965
PKR Hospital,12.919,79.1327,B+,32,5,11,9876534538
PKR Hospital,12.919,79.1327,B-,12,1,98,9876580592
PKR Hospital,12.919,79.1327,O+,14,5,14,9876518110
PKR Hospital,12.919,79.1327,O-,28,5,80,9876589309
PKR Hospital,12.919,79.1327,AB+,14,4,26,9876537266
PKR Hospital,12.919,79.1327,AB-,7,3,56,9876562992
Rajalakshmi Hospital,12.9246,79.1338,A+,7,3,36,9876592948
Rajalakshmi Hospital,12.9246,79.1338,A-,48,2,95,9876516910
Rajalakshmi Hospital,12.9246,79.1338,B+,11,3,81,9876510206
Rajalakshmi Hospital,12.9246,79.1338,B-,31,5,29,9876597054
Rajalakshmi Hospital,12.9246,79.1338,O+,20,2,32,9876597897
Rajalakshmi Hospital,12.9246,79.1338,O-,31,1,32,9876533419
Rajalakshmi Hospital,12.9246,79.1338,AB+,26,4,95,9876560636
Rajalakshmi Hospital,12.9246,79.1338,AB-,20,3,30,9876560015
Shree Balaji Hospital,12.9291,79.1359,A+,7,4,38,9876564268
Shree Balaji Hospital,12.9291,79.1359,A-,17,4,54,9876597939
Shree Balaji Hospital,12.9291,79.1359,B+,24,2,38,9876528141
Shree Balaji Hospital,12.9291,79.1359,B-,6,2,61,9876590356
Shree Balaji Hospital,12.9291,79.1359,O+,26,3,18,9876581910
Shree Balaji Hospital,12.9291,79.1359,O-,22,3,92,9876566044
Shree Balaji Hospital,12.9291,79.1359,AB+,37,4,96,9876577214
Shree Balaji Hospital,12.9291,79.1359,AB-,39,3,13,9876543827
Lotus Hospital,12.9212,79.1343,A+,16,5,43,9876565820
Lotus Hospital,12.9212,79.1343,A-,7,1,86,9876572623
Lotus Hospital,12.9212,79.1343,B+,32,3,50,9876591734
Lotus Hospital,12.9212,79.1343,B-,32,5,75,9876585450
Lotus Hospital,12.9212,79.1343,O+,12,4,83,9876532299
Lotus Hospital,12.9212,79.1343,O-,17,3,15,9876553585
Lotus Hospital,12.9212,79.1343,AB+,50,4,10,9876574044
Lotus Hospital,12.9212,79.1343,AB-,38,5,97,9876552557
Sri Ramachandra Medical Centre,12.9238,79.136,A+,47,2,56,9876559080
Sri Ramachandra Medical Centre,12.9238,79.136,A-,32,1,95,9876512693
Sri Ramachandra Medical Centre,12.9238,79.136,B+,26,5,50,9876579163
Sri Ramachandra Medical Centre,12.9238,79.136,B-,47,1,48,9876535939
Sri Ramachandra Medical Centre,12.9238,79.136,O+,37,3,95,9876558925
Sri Ramachandra Medical Centre,12.9238,79.136,O-,31,3,61,9876552941
Sri Ramachandra Medical Centre,12.9238,79.136,AB+,49,3,80,9876531834
Sri Ramachandra Medical Centre,12.9238,79.136,AB-,13,2,63,9876528047
Aruna Hospital,12.9285,79.1372,A+,16,5,82,9876536105
Aruna Hospital,12.9285,79.1372,A-,24,4,80,9876585766
Aruna Hospital,12.9285,79.1372,B+,5,3,46,9876525707
Aruna Hospital,12.9285,79.1372,B-,18,4,84,9876531976
Aruna Hospital,12.9285,79.1372,O+,43,3,69,9876554262
Aruna Hospital,12.9285,79.1372,O-,33,4,96,9876533776
Aruna Hospital,12.9285,79.1372,AB+,18,5,70,9876540080
Aruna Hospital,12.9285,79.1372,AB-,15,1,46,9876576842
Vasan Eye Care,12.931,79.1381,A+,26,1,40,9876571373
Vasan Eye Care,12.931,79.1381,A-,48,3,38,9876516776
Vasan Eye Care,12.931,79.1381,B+,17,2,13,9876565016
Vasan Eye Care,12.931,79.1381,B-,7,2,70,9876519474
Vasan Eye Care,12.931,79.1381,O+,44,1,68,9876568053
Vasan Eye Care,12.931,79.1381,O-,31,5,34,9876531959
Vasan Eye Care,12.931,79.1381,AB+,50,4,73,9876515530
Vasan Eye Care,12.931,79.1381,AB-,30,2,28,9876513748
Kumaran Hospital,12.9273,79.1352,A+,11,4,38,9876523545
Kumaran Hospital,12.9273,79.1352,A-,16,5,69,9876576199
Kumaran Hospital,12.9273,79.1352,B+,8,5,41,9876544766
Kumaran Hospital,12.9273,79.1352,B-,12,4,27,9876583530
Kumaran Hospital,12.9273,79.1352,O+,34,5,81,9876571087
Kumaran Hospital,12.9273,79.1352,O-,43,3,66,9876578840
Kumaran Hospital,12.9273,79.1352,AB+,44,5,64,9876564384
Kumaran Hospital,12.9273,79.1352,AB-,40,4,30,9876561005
Saravana Hospital,12.924,79.1335,A+,21,2,91,9876556576
Saravana Hospital,12.924,79.1335,A-,22,5,72,9876549353
Saravana Hospital,12.924,79.1335,B+,45,2,45,9876572003
Saravana Hospital,12.924,79.1335,B-,33,1,46,9876593211
Saravana Hospital,12.924,79.1335,O+,20,3,52,9876562733
Saravana Hospital,12.924,79.1335,O-,25,5,20,9876575318
Saravana Hospital,12.924,79.1335,AB+,13,2,39,9876599474
Saravana Hospital,12.924,79.1335,AB-,29,2,100,9876533664
Sunrise Hospital,12.9227,79.1329,A+,26,5,69,9876577172
Sunrise Hospital,12.9227,79.1329,A-,31,1,36,9876595616
Sunrise Hospital,12.9227,79.1329,B+,31,4,84,9876536736
Sunrise Hospital,12.9227,79.1329,B-,49,1,83,9876510854
Sunrise Hospital,12.9227,79.1329,O+,29,4,10,9876548623
Sunrise Hospital,12.9227,79.1329,O-,27,3,59,9876517392
Sunrise Hospital,12.9227,79.1329,AB+,31,5,79,9876565680
Sunrise Hospital,12.9227,79.1329,AB-,43,2,72,9876556717
CMC Blood Bank,12.9216,79.1352,A+,6,4,53,9876597092
CMC Blood Bank,12.9216,79.1352,A-,47,4,31,9876560859
CMC Blood Bank,12.9216,79.1352,B+,34,2,89,9876536309
CMC Blood Bank,12.9216,79.1352,B-,39,1,60,9876597455
CMC Blood Bank,12.9216,79.1352,O+,42,5,94,9876573734
CMC Blood Bank,12.9216,79.1352,O-,6,1,92,9876580467
CMC Blood Bank,12.9216,79.1352,AB+,32,2,69,9876562662
CMC Blood Bank,12.9216,79.1352,AB-,16,1,43,9876522688
Vellore Red Cross Blood Bank,12.9302,79.139,A+,25,3,58,9876535342
Vellore Red Cross Blood Bank,12.9302,79.139,A-,22,4,42,9876547157
Vellore Red Cross Blood Bank,12.9302,79.139,B+,10,4,12,9876577863
Vellore Red Cross Blood Bank,12.9302,79.139,B-,39,1,54,9876562083
Vellore Red Cross Blood Bank,12.9302,79.139,O+,19,1,93,9876575733
Vellore Red Cross Blood Bank,12.9302,79.139,O-,7,1,41,9876599045
Vellore Red Cross Blood Bank,12.9302,79.139,AB+,17,1,89,9876544698
Vellore Red Cross Blood Bank,12.9302,79.139,AB-,14,2,26,9876590623
Apollo KH Blood Bank,12.9688,79.2859,A+,18,4,99,9876532671
Apollo KH Blood Bank,12.9688,79.2859,A-,21,3,31,9876535184
Apollo KH Blood Bank,12.9688,79.2859,B+,43,5,24,9876552107
Apollo KH Blood Bank,12.9688,79.2859,B-,15,3,23,9876596202
Apollo KH Blood Bank,12.9688,79.2859,O+,42,1,49,9876561663
Apollo KH Blood Bank,12.9688,79.2859,O-,41,4,60,9876525708
Apollo KH Blood Bank,12.9688,79.2859,AB+,50,2,19,9876559811
Apollo KH Blood Bank,12.9688,79.2859,AB-,42,2,23,9876512811
Sri Narayani Blood Bank,12.8978,79.1275,A+,48,5,25,9876566250
Sri Narayani Blood Bank,12.8978,79.1275,A-,41,1,54,9876582082
Sri Narayani Blood Bank,12.8978,79.1275,B+,39,4,94,9876544754
Sri Narayani Blood Bank,12.8978,79.1275,B-,28,1,74,9876521411
Sri Narayani Blood Bank,12.8978,79.1275,O+,46,3,11,9876512911
Sri Narayani Blood Bank,12.8978,79.1275,O-,31,4,23,9876577270
Sri Narayani Blood Bank,12.8978,79.1275,AB+,32,3,91,9876593763
Sri Narayani Blood Bank,12.8978,79.1275,AB-,34,2,65,9876518680
